[
  {
    "name": "Abiramam",
    "id": 57586
  },
  {
    "name": "Adirampattinam",
    "id": 57594
  },
  {
    "name": "Aduthurai",
    "id": 57595
  },
  {
    "name": "Alagapuram",
    "id": 57630
  },
  {
    "name": "Alandur",
    "id": 57634
  },
  {
    "name": "Alanganallur",
    "id": 57635
  },
  {
    "name": "Alangayam",
    "id": 57636
  },
  {
    "name": "Alangudi",
    "id": 134455
  },
  {
    "name": "Alangulam",
    "id": 134456
  },
  {
    "name": "Alappakkam",
    "id": 134457
  },
  {
    "name": "Alwa Tirunagari",
    "id": 57648
  },
  {
    "name": "Ambasamudram",
    "id": 57667
  },
  {
    "name": "Ambattur",
    "id": 57668
  },
  {
    "name": "Ambur",
    "id": 57671
  },
  {
    "name": "Ammapettai",
    "id": 57682
  },
  {
    "name": "Anamalais",
    "id": 57694
  },
  {
    "name": "Andippatti",
    "id": 134460
  },
  {
    "name": "Annamalainagar",
    "id": 57715
  },
  {
    "name": "Annavasal",
    "id": 57712
  },
  {
    "name": "Annur",
    "id": 57714
  },
  {
    "name": "Anthiyur",
    "id": 57718
  },
  {
    "name": "Arakkonam",
    "id": 57726
  },
  {
    "name": "Arantangi",
    "id": 57729
  },
  {
    "name": "Arcot",
    "id": 57731
  },
  {
    "name": "Arimalam",
    "id": 57732
  },
  {
    "name": "Ariyalur",
    "id": 57733
  },
  {
    "name": "Arni",
    "id": 57737
  },
  {
    "name": "Arumbavur",
    "id": 57743
  },
  {
    "name": "Arumuganeri",
    "id": 57744
  },
  {
    "name": "Aruppukkottai",
    "id": 57745
  },
  {
    "name": "Aruvankad",
    "id": 57746
  },
  {
    "name": "Attayyampatti",
    "id": 134468
  },
  {
    "name": "Attur",
    "id": 57763
  },
  {
    "name": "Auroville",
    "id": 57767
  },
  {
    "name": "Avadi",
    "id": 134469
  },
  {
    "name": "Avinashi",
    "id": 57773
  },
  {
    "name": "Ayakudi",
    "id": 57775
  },
  {
    "name": "Ayyampettai",
    "id": 57776
  },
  {
    "name": "Belur",
    "id": 57929
  },
  {
    "name": "Bhavani",
    "id": 57973
  },
  {
    "name": "Bodinayakkanur",
    "id": 58072
  },
  {
    "name": "Chengam",
    "id": 131515
  },
  {
    "name": "Chennai",
    "id": 131517
  },
  {
    "name": "Chennimalai",
    "id": 131518
  },
  {
    "name": "Chetput",
    "id": 131522
  },
  {
    "name": "Chettipalaiyam",
    "id": 131523
  },
  {
    "name": "Cheyyar",
    "id": 131525
  },
  {
    "name": "Cheyyur",
    "id": 131526
  },
  {
    "name": "Chidambaram",
    "id": 131545
  },
  {
    "name": "Chingleput",
    "id": 131561
  },
  {
    "name": "Chinna Salem",
    "id": 131562
  },
  {
    "name": "Chinnamanur",
    "id": 131564
  },
  {
    "name": "Chinnasekkadu",
    "id": 131565
  },
  {
    "name": "Cholapuram",
    "id": 131578
  },
  {
    "name": "Coimbatore",
    "id": 131618
  },
  {
    "name": "Colachel",
    "id": 131619
  },
  {
    "name": "Cuddalore",
    "id": 131626
  },
  {
    "name": "Cumbum",
    "id": 131629
  },
  {
    "name": "Denkanikota",
    "id": 131681
  },
  {
    "name": "Desur",
    "id": 131698
  },
  {
    "name": "Devadanappatti",
    "id": 131699
  },
  {
    "name": "Devakottai",
    "id": 131700
  },
  {
    "name": "Dhali",
    "id": 131711
  },
  {
    "name": "Dharapuram",
    "id": 131723
  },
  {
    "name": "Dharmapuri",
    "id": 131726
  },
  {
    "name": "Dindigul",
    "id": 131774
  },
  {
    "name": "Dusi",
    "id": 131820
  },
  {
    "name": "Elayirampannai",
    "id": 131834
  },
  {
    "name": "Elumalai",
    "id": 131833
  },
  {
    "name": "Eral",
    "id": 131837
  },
  {
    "name": "Eraniel",
    "id": 131839
  },
  {
    "name": "Erode",
    "id": 131841
  },
  {
    "name": "Erumaippatti",
    "id": 131843
  },
  {
    "name": "Ettaiyapuram",
    "id": 131847
  },
  {
    "name": "Gandhi Nagar",
    "id": 132045
  },
  {
    "name": "Gangaikondan",
    "id": 131901
  },
  {
    "name": "Gangavalli",
    "id": 131902
  },
  {
    "name": "Gingee",
    "id": 131957
  },
  {
    "name": "Gobichettipalayam",
    "id": 131961
  },
  {
    "name": "Gudalur",
    "id": 132008
  },
  {
    "name": "Gudiyatham",
    "id": 132011
  },
  {
    "name": "Guduvancheri",
    "id": 132050
  },
  {
    "name": "Gummidipundi",
    "id": 132023
  },
  {
    "name": "Harur",
    "id": 132083
  },
  {
    "name": "Hosur",
    "id": 132125
  },
  {
    "name": "Idappadi",
    "id": 132153
  },
  {
    "name": "Ilampillai",
    "id": 132159
  },
  {
    "name": "Iluppur",
    "id": 132161
  },
  {
    "name": "Injambakkam",
    "id": 132169
  },
  {
    "name": "Irugur",
    "id": 132172
  },
  {
    "name": "Jalakandapuram",
    "id": 132210
  },
  {
    "name": "Jalarpet",
    "id": 132225
  },
  {
    "name": "Jayamkondacholapuram",
    "id": 132256
  },
  {
    "name": "Kadambur",
    "id": 132324
  },
  {
    "name": "Kadayanallur",
    "id": 132326
  },
  {
    "name": "Kalakkadu",
    "id": 132343
  },
  {
    "name": "Kalavai",
    "id": 132349
  },
  {
    "name": "Kallakkurichchi",
    "id": 132352
  },
  {
    "name": "Kallidaikurichi",
    "id": 132353
  },
  {
    "name": "Kallupatti",
    "id": 132354
  },
  {
    "name": "Kalugumalai",
    "id": 132357
  },
  {
    "name": "Kamuthi",
    "id": 132367
  },
  {
    "name": "Kanadukattan",
    "id": 132368
  },
  {
    "name": "Kancheepuram",
    "id": 132369
  },
  {
    "name": "Kanchipuram",
    "id": 132370
  },
  {
    "name": "Kangayam",
    "id": 132373
  },
  {
    "name": "Kanniyakumari",
    "id": 132380
  },
  {
    "name": "Karaikkudi",
    "id": 132714
  },
  {
    "name": "Karamadai",
    "id": 132716
  },
  {
    "name": "Karambakkudi",
    "id": 132393
  },
  {
    "name": "Kariapatti",
    "id": 132401
  },
  {
    "name": "Karumbakkam",
    "id": 132409
  },
  {
    "name": "Karur",
    "id": 132410
  },
  {
    "name": "Katpadi",
    "id": 132726
  },
  {
    "name": "Kattivakkam",
    "id": 132429
  },
  {
    "name": "Kattupputtur",
    "id": 132728
  },
  {
    "name": "Kaveripatnam",
    "id": 132730
  },
  {
    "name": "Kayalpattinam",
    "id": 132435
  },
  {
    "name": "Kayattar",
    "id": 132436
  },
  {
    "name": "Keelakarai",
    "id": 132437
  },
  {
    "name": "Kelamangalam",
    "id": 132439
  },
  {
    "name": "Kil Bhuvanagiri",
    "id": 132732
  },
  {
    "name": "Kilvelur",
    "id": 132522
  },
  {
    "name": "Kiranur",
    "id": 132733
  },
  {
    "name": "Kodaikanal",
    "id": 132538
  },
  {
    "name": "Kodumudi",
    "id": 132544
  },
  {
    "name": "Kombai",
    "id": 132562
  },
  {
    "name": "Konganapuram",
    "id": 132568
  },
  {
    "name": "Koothanallur",
    "id": 132571
  },
  {
    "name": "Koradachcheri",
    "id": 132576
  },
  {
    "name": "Korampallam",
    "id": 132577
  },
  {
    "name": "Kotagiri",
    "id": 132594
  },
  {
    "name": "Kottaiyur",
    "id": 132607
  },
  {
    "name": "Kovilpatti",
    "id": 132615
  },
  {
    "name": "Krishnagiri",
    "id": 132622
  },
  {
    "name": "Kulattur",
    "id": 132632
  },
  {
    "name": "Kulittalai",
    "id": 132634
  },
  {
    "name": "Kumaralingam",
    "id": 132637
  },
  {
    "name": "Kumbakonam",
    "id": 132638
  },
  {
    "name": "Kunnattur",
    "id": 132651
  },
  {
    "name": "Kurinjippadi",
    "id": 132659
  },
  {
    "name": "Kuttalam",
    "id": 132672
  },
  {
    "name": "Kuzhithurai",
    "id": 132673
  },
  {
    "name": "Lalgudi",
    "id": 132754
  },
  {
    "name": "Madambakkam",
    "id": 132807
  },
  {
    "name": "Madipakkam",
    "id": 132818
  },
  {
    "name": "Madukkarai",
    "id": 132819
  },
  {
    "name": "Madukkur",
    "id": 132820
  },
  {
    "name": "Madurai",
    "id": 132821
  },
  {
    "name": "Madurantakam",
    "id": 132822
  },
  {
    "name": "Mallapuram",
    "id": 132876
  },
  {
    "name": "Mallasamudram",
    "id": 132875
  },
  {
    "name": "Mallur",
    "id": 133067
  },
  {
    "name": "Manali",
    "id": 132880
  },
  {
    "name": "Manalurpettai",
    "id": 132881
  },
  {
    "name": "Manamadurai",
    "id": 132882
  },
  {
    "name": "Manappakkam",
    "id": 132883
  },
  {
    "name": "Manapparai",
    "id": 132884
  },
  {
    "name": "Manavalakurichi",
    "id": 132885
  },
  {
    "name": "Mandapam",
    "id": 132889
  },
  {
    "name": "Mangalam",
    "id": 132903
  },
  {
    "name": "Mannargudi",
    "id": 132919
  },
  {
    "name": "Marakkanam",
    "id": 132932
  },
  {
    "name": "Marandahalli",
    "id": 133089
  },
  {
    "name": "Masinigudi",
    "id": 132939
  },
  {
    "name": "Mattur",
    "id": 133091
  },
  {
    "name": "Mayiladuthurai",
    "id": 132952
  },
  {
    "name": "Melur",
    "id": 132965
  },
  {
    "name": "Mettuppalaiyam",
    "id": 132969
  },
  {
    "name": "Mettur",
    "id": 132970
  },
  {
    "name": "Minjur",
    "id": 133094
  },
  {
    "name": "Mohanur",
    "id": 132982
  },
  {
    "name": "Mudukulattur",
    "id": 133013
  },
  {
    "name": "Mulanur",
    "id": 133100
  },
  {
    "name": "Musiri",
    "id": 133045
  },
  {
    "name": "Muttupet",
    "id": 133049
  },
  {
    "name": "Naduvattam",
    "id": 133108
  },
  {
    "name": "Nagapattinam",
    "id": 133111
  },
  {
    "name": "Nagercoil",
    "id": 133257
  },
  {
    "name": "Namagiripettai",
    "id": 133264
  },
  {
    "name": "Namakkal",
    "id": 133134
  },
  {
    "name": "Nambiyur",
    "id": 133135
  },
  {
    "name": "Nambutalai",
    "id": 133136
  },
  {
    "name": "Nandambakkam",
    "id": 133140
  },
  {
    "name": "Nangavalli",
    "id": 133148
  },
  {
    "name": "Nangilickondan",
    "id": 133149
  },
  {
    "name": "Nanguneri",
    "id": 133150
  },
  {
    "name": "Nannilam",
    "id": 133152
  },
  {
    "name": "Naravarikuppam",
    "id": 133271
  },
  {
    "name": "Nattam",
    "id": 133181
  },
  {
    "name": "Nattarasankottai",
    "id": 133281
  },
  {
    "name": "Needamangalam",
    "id": 133199
  },
  {
    "name": "Neelankarai",
    "id": 133200
  },
  {
    "name": "Negapatam",
    "id": 133203
  },
  {
    "name": "Nellikkuppam",
    "id": 133205
  },
  {
    "name": "Nilakottai",
    "id": 133216
  },
  {
    "name": "Nilgiris",
    "id": 133218
  },
  {
    "name": "Odugattur",
    "id": 133296
  },
  {
    "name": "Omalur",
    "id": 133299
  },
  {
    "name": "Ooty",
    "id": 133301
  },
  {
    "name": "Padmanabhapuram",
    "id": 133314
  },
  {
    "name": "Palakkodu",
    "id": 133522
  },
  {
    "name": "Palamedu",
    "id": 133524
  },
  {
    "name": "Palani",
    "id": 133323
  },
  {
    "name": "Palavakkam",
    "id": 133324
  },
  {
    "name": "Palladam",
    "id": 133327
  },
  {
    "name": "Pallappatti",
    "id": 133328
  },
  {
    "name": "Pallattur",
    "id": 133329
  },
  {
    "name": "Pallavaram",
    "id": 133335
  },
  {
    "name": "Pallikondai",
    "id": 133332
  },
  {
    "name": "Pallipattu",
    "id": 133333
  },
  {
    "name": "Pallippatti",
    "id": 133334
  },
  {
    "name": "Panruti",
    "id": 133352
  },
  {
    "name": "Papanasam",
    "id": 133355
  },
  {
    "name": "Papireddippatti",
    "id": 133545
  },
  {
    "name": "Papparappatti",
    "id": 133547
  },
  {
    "name": "Paramagudi",
    "id": 133356
  },
  {
    "name": "Pattukkottai",
    "id": 133392
  },
  {
    "name": "Pennadam",
    "id": 133406
  },
  {
    "name": "Pennagaram",
    "id": 133407
  },
  {
    "name": "Pennathur",
    "id": 133408
  },
  {
    "name": "Peraiyur",
    "id": 133411
  },
  {
    "name": "Perambalur",
    "id": 133412
  },
  {
    "name": "Peranamallur",
    "id": 133413
  },
  {
    "name": "Peranampattu",
    "id": 133414
  },
  {
    "name": "Peravurani",
    "id": 133415
  },
  {
    "name": "Periyakulam",
    "id": 133417
  },
  {
    "name": "Periyanayakkanpalaiyam",
    "id": 133418
  },
  {
    "name": "Periyanegamam",
    "id": 133419
  },
  {
    "name": "Periyapatti",
    "id": 133420
  },
  {
    "name": "Periyapattinam",
    "id": 133421
  },
  {
    "name": "Perundurai",
    "id": 133425
  },
  {
    "name": "Perungudi",
    "id": 133426
  },
  {
    "name": "Perur",
    "id": 133428
  },
  {
    "name": "Pollachi",
    "id": 133469
  },
  {
    "name": "Polur",
    "id": 133470
  },
  {
    "name": "Ponnamaravati",
    "id": 133473
  },
  {
    "name": "Ponneri",
    "id": 133475
  },
  {
    "name": "Poonamalle",
    "id": 133479
  },
  {
    "name": "Porur",
    "id": 133483
  },
  {
    "name": "Pudukkottai",
    "id": 133491
  },
  {
    "name": "Puduppatti",
    "id": 133492
  },
  {
    "name": "Pudur",
    "id": 133494
  },
  {
    "name": "Puduvayal",
    "id": 133493
  },
  {
    "name": "Puliyangudi",
    "id": 133498
  },
  {
    "name": "Puliyur",
    "id": 133499
  },
  {
    "name": "Pullambadi",
    "id": 133500
  },
  {
    "name": "Punjai Puliyampatti",
    "id": 133507
  },
  {
    "name": "Rajapalaiyam",
    "id": 133594
  },
  {
    "name": "Ramanathapuram",
    "id": 133599
  },
  {
    "name": "Rameswaram",
    "id": 133603
  },
  {
    "name": "Ranipet",
    "id": 149548
  },
  {
    "name": "Rasipuram",
    "id": 133611
  },
  {
    "name": "Saint Thomas Mount",
    "id": 133758
  },
  {
    "name": "Salem",
    "id": 133763
  },
  {
    "name": "Sathankulam",
    "id": 133817
  },
  {
    "name": "Sathyamangalam",
    "id": 133819
  },
  {
    "name": "Sattur",
    "id": 133823
  },
  {
    "name": "Sayalkudi",
    "id": 134084
  },
  {
    "name": "Seven Pagodas",
    "id": 133851
  },
  {
    "name": "Sholinghur",
    "id": 133883
  },
  {
    "name": "Singanallur",
    "id": 133950
  },
  {
    "name": "Singapperumalkovil",
    "id": 133945
  },
  {
    "name": "Sirkazhi",
    "id": 134088
  },
  {
    "name": "Sirumugai",
    "id": 133968
  },
  {
    "name": "Sivaganga",
    "id": 133974
  },
  {
    "name": "Sivagiri",
    "id": 133975
  },
  {
    "name": "Sivakasi",
    "id": 133976
  },
  {
    "name": "Srimushnam",
    "id": 134026
  },
  {
    "name": "Sriperumbudur",
    "id": 134030
  },
  {
    "name": "Srivaikuntam",
    "id": 134022
  },
  {
    "name": "Srivilliputhur",
    "id": 134023
  },
  {
    "name": "Suchindram",
    "id": 134035
  },
  {
    "name": "Sulur",
    "id": 134041
  },
  {
    "name": "Surandai",
    "id": 134095
  },
  {
    "name": "Swamimalai",
    "id": 134057
  },
  {
    "name": "Tambaram",
    "id": 134108
  },
  {
    "name": "Tanjore",
    "id": 134111
  },
  {
    "name": "Taramangalam",
    "id": 134239
  },
  {
    "name": "Tattayyangarpettai",
    "id": 134243
  },
  {
    "name": "Thanjavur",
    "id": 134140
  },
  {
    "name": "Tharangambadi",
    "id": 134143
  },
  {
    "name": "Theni",
    "id": 134146
  },
  {
    "name": "Thenkasi",
    "id": 134147
  },
  {
    "name": "Thirukattupalli",
    "id": 134150
  },
  {
    "name": "Thiruthani",
    "id": 134151
  },
  {
    "name": "Thiruvaiyaru",
    "id": 134152
  },
  {
    "name": "Thiruvallur",
    "id": 134153
  },
  {
    "name": "Thiruvarur",
    "id": 134155
  },
  {
    "name": "Thiruvidaimaruthur",
    "id": 134156
  },
  {
    "name": "Thoothukudi",
    "id": 134158
  },
  {
    "name": "Tindivanam",
    "id": 134172
  },
  {
    "name": "Tinnanur",
    "id": 134174
  },
  {
    "name": "Tiruchchendur",
    "id": 134178
  },
  {
    "name": "Tiruchengode",
    "id": 134179
  },
  {
    "name": "Tiruchirappalli",
    "id": 134180
  },
  {
    "name": "Tirukkoyilur",
    "id": 134181
  },
  {
    "name": "Tirumullaivasal",
    "id": 134184
  },
  {
    "name": "Tirunelveli",
    "id": 134185
  },
  {
    "name": "Tirunelveli Kattabo",
    "id": 134186
  },
  {
    "name": "Tiruppalaikudi",
    "id": 134191
  },
  {
    "name": "Tirupparangunram",
    "id": 134188
  },
  {
    "name": "Tiruppur",
    "id": 134189
  },
  {
    "name": "Tiruppuvanam",
    "id": 134190
  },
  {
    "name": "Tiruttangal",
    "id": 134193
  },
  {
    "name": "Tiruvannamalai",
    "id": 134196
  },
  {
    "name": "Tiruvottiyur",
    "id": 134198
  },
  {
    "name": "Tisaiyanvilai",
    "id": 134200
  },
  {
    "name": "Tondi",
    "id": 134207
  },
  {
    "name": "Turaiyur",
    "id": 134224
  },
  {
    "name": "Udangudi",
    "id": 134253
  },
  {
    "name": "Udumalaippettai",
    "id": 134259
  },
  {
    "name": "Uppiliyapuram",
    "id": 134290
  },
  {
    "name": "Usilampatti",
    "id": 134295
  },
  {
    "name": "Uttamapalaiyam",
    "id": 134298
  },
  {
    "name": "Uttiramerur",
    "id": 134302
  },
  {
    "name": "Uttukkuli",
    "id": 134472
  },
  {
    "name": "V.S.K.Valasai (Dindigul-Dist.)",
    "id": 134303
  },
  {
    "name": "Vadakku Valliyur",
    "id": 134304
  },
  {
    "name": "Vadakku Viravanallur",
    "id": 134305
  },
  {
    "name": "Vadamadurai",
    "id": 134306
  },
  {
    "name": "Vadippatti",
    "id": 134380
  },
  {
    "name": "Valangaiman",
    "id": 134316
  },
  {
    "name": "Valavanur",
    "id": 134317
  },
  {
    "name": "Vallam",
    "id": 134319
  },
  {
    "name": "Valparai",
    "id": 134320
  },
  {
    "name": "Vandalur",
    "id": 134323
  },
  {
    "name": "Vandavasi",
    "id": 134324
  },
  {
    "name": "Vaniyambadi",
    "id": 134325
  },
  {
    "name": "Vasudevanallur",
    "id": 134384
  },
  {
    "name": "Vattalkundu",
    "id": 134335
  },
  {
    "name": "Vedaraniyam",
    "id": 134337
  },
  {
    "name": "Vedasandur",
    "id": 134338
  },
  {
    "name": "Velankanni",
    "id": 134340
  },
  {
    "name": "Vellanur",
    "id": 134342
  },
  {
    "name": "Vellore",
    "id": 134341
  },
  {
    "name": "Velur",
    "id": 134343
  },
  {
    "name": "Vengavasal",
    "id": 134345
  },
  {
    "name": "Vettaikkaranpudur",
    "id": 134351
  },
  {
    "name": "Vettavalam",
    "id": 134352
  },
  {
    "name": "Vijayapuri",
    "id": 134355
  },
  {
    "name": "Vikravandi",
    "id": 134358
  },
  {
    "name": "Vilattikulam",
    "id": 134361
  },
  {
    "name": "Villupuram",
    "id": 134362
  },
  {
    "name": "Viraganur",
    "id": 134385
  },
  {
    "name": "Virudhunagar",
    "id": 134366
  },
  {
    "name": "Vriddhachalam",
    "id": 134375
  },
  {
    "name": "Walajapet",
    "id": 134391
  },
  {
    "name": "Wallajahbad",
    "id": 134392
  },
  {
    "name": "Wellington",
    "id": 134402
  }
]